{
  "1,3,1,1": [
    -0.11780696864051361,
    -0.1238391294148921,
    -0.16296689290358432
  ],
  "1,2,1,1": [
    -0.10542000094156209,
    -0.14692252423399235,
    -0.086737238531269
  ],
  "0,1,0,1": [
    -0.559205569967751,
    -0.5569395863690991,
    -0.5530780855785833
  ],
  "0,5,0,1": [
    -0.6115299105058166,
    -0.6153135398578681,
    -0.6174137565067517
  ],
  "0,5,0,2": [
    -0.4592055126857748,
    -0.546192635591998,
    -0.5186898662053397
  ],
  "2,1,3,1": [
    0.0,
    0.0,
    0.0
  ],
  "0,1,1,2": [
    -0.4054546234045506,
    -0.3896921995142737,
    -0.39014603107282586
  ],
  "1,6,2,2": [
    -0.4926974499761727,
    -0.47604682565861056,
    -0.485089584934802
  ],
  "1,6,2,3": [
    -0.6602892848177219,
    -0.6320794459280211,
    -0.6049532041581968
  ],
  "2,5,3,2": [
    0.0,
    0.0,
    0.0
  ],
  "1,5,2,3": [
    -0.5174831576497679,
    -0.4068864187672053,
    -0.4098267172227639
  ],
  "1,5,1,2": [
    -0.132646019629056,
    -0.19748027282869657,
    -0.13823999999999997
  ],
  "0,3,0,2": [
    -0.34906914672968875,
    -0.33673047965070235,
    -0.31814139538879294
  ],
  "0,3,0,1": [
    -0.5555030520413679,
    -0.5648826114482883,
    -0.5696688459474376
  ],
  "1,5,1,1": [
    -0.5863465155668734,
    -0.5831263030589591,
    -0.5739675072716279
  ],
  "1,5,1,3": [
    -0.33622813585314654,
    -0.35607597943300195,
    -0.32789062416066145
  ],
  "0,6,1,2": [
    -0.4718180161976282,
    -0.5214822132430331,
    -0.5053994350043937
  ],
  "0,1,1,1": [
    -0.2881744670648653,
    -0.2950155907863509,
    -0.343309442960841
  ],
  "0,4,1,1": [
    -0.7023039676228681,
    -0.6967572997280326,
    -0.7507075186262467
  ],
  "1,2,2,1": [
    -0.15636845056466644,
    -0.14026101716707218,
    -0.16757516067582673
  ],
  "1,2,2,4": [
    -0.1771402493952,
    -0.1579784350405453,
    -0.165984
  ],
  "2,5,1,3": [
    0.0,
    0.0,
    0.0
  ],
  "1,5,1,4": [
    -0.31303070036375835,
    -0.282794795032438,
    -0.2762273955957793
  ],
  "2,4,3,3": [
    0.0,
    0.0,
    0.0
  ],
  "1,4,2,2": [
    -0.6124361475363046,
    -0.44005407021822956,
    -0.46545673096940965
  ],
  "2,6,3,1": [
    0.0,
    0.0,
    0.0
  ],
  "0,6,1,1": [
    -0.7033139896963116,
    -0.7019691963628347,
    -0.7052334035662315
  ],
  "1,6,2,4": [
    -0.5187994994393555,
    -0.4481209805550605,
    -0.42747435898935626
  ],
  "0,4,0,3": [
    0.0,
    0.0,
    0.0
  ],
  "0,4,0,2": [
    -0.46676619422721044,
    -0.4478752595919124,
    -0.4169867063032267
  ],
  "3,5,3,1": [
    0.0,
    0.0,
    0.0
  ],
  "0,4,0,1": [
    -0.6536771871699361,
    -0.6880989221357775,
    -0.6751271324868201
  ],
  "1,6,1,1": [
    -0.5924570546771275,
    -0.5953642003877081,
    -0.5813789211095804
  ],
  "1,6,1,2": [
    -0.5412001161062301,
    -0.45396741337274205,
    -0.45595233749674924
  ],
  "2,5,3,1": [
    0.0,
    0.0,
    0.0
  ],
  "3,6,4,1": [
    0.0,
    0.0,
    0.0
  ],
  "1,6,2,1": [
    -0.36993684106235436,
    -0.3878933311964179,
    -0.4066469870528175
  ],
  "1,2,1,2": [
    -0.24439790847999993,
    -0.2287216777348111,
    -0.22650500923665814
  ],
  "3,2,4,1": [
    0.0,
    0.0,
    0.0
  ],
  "1,4,2,1": [
    -0.26800142595340437,
    -0.27771675692307357,
    -0.22663066510821867
  ],
  "1,4,2,4": [
    -0.3029370416998086,
    -0.2862990613019774,
    -0.285563180511112
  ],
  "2,1,3,3": [
    0.0,
    0.0,
    0.0
  ],
  "1,1,2,2": [
    -0.18201572288136292,
    -0.20617164333791752,
    -0.18257469041879285
  ],
  "0,5,1,1": [
    -0.5357354118778711,
    -0.5518706802796017,
    -0.5494659124597905
  ],
  "0,5,1,3": [
    0.0,
    0.0,
    0.0
  ],
  "1,5,2,4": [
    -0.2980587190143818,
    -0.30994177699219444,
    -0.326137602807373
  ],
  "0,6,0,3": [
    0.0,
    0.0,
    0.0
  ],
  "0,6,0,1": [
    -0.7163042044431995,
    -0.7639189857406983,
    -0.7530940466266289
  ],
  "0,6,0,2": [
    -0.5272379664445586,
    -0.5793740452785244,
    -0.4573783672584133
  ],
  "2,6,2,1": [
    0.0,
    0.0,
    0.0
  ],
  "1,5,2,1": [
    -0.12054134456251547,
    -0.1321423081241048,
    -0.1432135285776345
  ],
  "2,4,4,1": [
    0.0,
    0.0,
    0.0
  ],
  "1,4,1,2": [
    -0.3396003719025287,
    -0.3501033523039044,
    -0.3106318844113348
  ],
  "3,2,2,1": [
    0.0,
    0.0,
    0.0
  ],
  "1,5,2,2": [
    -0.5613571432598937,
    -0.5140253625296747,
    -0.5116997406678131
  ],
  "3,4,3,1": [
    0.0,
    0.0,
    0.0
  ],
  "1,4,1,1": [
    -0.3044137061654393,
    -0.32486237295892345,
    -0.3425196312994768
  ],
  "4,6,3,1": [
    0.0,
    0.0,
    0.0
  ],
  "0,3,1,2": [
    -0.19859428024621315,
    -0.1983803862579406,
    -0.1970180354694836
  ],
  "0,4,1,2": [
    -0.6967107830027879,
    -0.4961296267054222,
    -0.4651047583684713
  ],
  "1,2,2,3": [
    -0.4258336592639347,
    -0.30900599864703376,
    -0.32415749416362055
  ],
  "1,3,2,2": [
    -0.0855220080889918,
    -0.09033667324541851,
    -0.09704678399999998
  ],
  "0,3,1,1": [
    -0.6030106632488859,
    -0.6274298143641145,
    -0.6137695950803103
  ],
  "0,2,1,1": [
    -0.4226477985123621,
    -0.4109412729263077,
    -0.39980084007429983
  ],
  "1,1,1,1": [
    -0.4292015580488495,
    -0.46229669287905883,
    -0.44516759270575457
  ],
  "1,1,1,2": [
    -0.1206012895952121,
    -0.12055999640305748,
    -0.12726259779968277
  ],
  "1,6,1,3": [
    -1.0062547368871626,
    -0.6761811075900183,
    -0.6520710789040542
  ],
  "0,5,0,3": [
    0.0,
    0.0,
    0.0
  ],
  "1,6,1,4": [
    -0.3494183778561951,
    -0.38865441230898046,
    -0.36519341170854275
  ],
  "1,4,1,3": [
    0.0,
    0.0,
    0.0
  ],
  "1,4,2,3": [
    -0.2812912594093845,
    -0.2736718499478601,
    -0.24258064808490098
  ],
  "0,6,1,3": [
    0.0,
    0.0,
    0.0
  ],
  "1,3,2,1": [
    -0.11425290017458113,
    -0.11959175632085653,
    -0.1440609136652763
  ],
  "0,5,1,2": [
    -0.14615637209264473,
    -0.18875054135880445,
    -0.15293240700119282
  ],
  "3,6,3,1": [
    0.0,
    0.0,
    0.0
  ],
  "1,2,3,2": [
    -0.07984381235809754,
    -0.11104786897912604,
    -0.07670665728
  ],
  "1,2,3,3": [
    -0.08843067975270401,
    -0.096020027479362,
    -0.08002892867564868
  ],
  "1,2,1,3": [
    0.0,
    0.0,
    0.0
  ],
  "1,3,2,3": [
    -0.1868784885424578,
    -0.1868070465009702,
    -0.1862577829326393
  ],
  "0,2,0,2": [
    -0.6951207099744847,
    -0.6636116656530123,
    -0.6459247731524451
  ],
  "0,2,0,1": [
    -0.5427655353364105,
    -0.5246015681899194,
    -0.5294949522811818
  ],
  "1,3,3,1": [
    0.0,
    0.0,
    0.0
  ],
  "1,3,3,4": [
    -0.15088639999999998,
    -0.116119294464,
    -0.1278444288
  ],
  "2,4,4,3": [
    0.0,
    0.0,
    0.0
  ],
  "1,4,3,2": [
    -0.134336384,
    -0.14054059925264098,
    -0.15341331456
  ],
  "2,2,3,1": [
    0.0,
    0.0,
    0.0
  ],
  "0,2,1,2": [
    -0.47949537691930383,
    -0.47472255136998687,
    -0.4391282901581391
  ],
  "3,6,5,1": [
    0.0,
    0.0,
    0.0
  ],
  "1,2,1,4": [
    -0.4071064617014371,
    -0.3379345446859905,
    -0.3650858451468288
  ],
  "2,6,4,3": [
    -0.7854832143226879,
    -0.8663294026944757,
    -0.8414124801260722
  ],
  "1,6,3,4": [
    -0.07670665728,
    -0.085082112,
    -0.082992
  ],
  "0,6,2,2": [
    -0.14604229450137604,
    -0.14189288279121057,
    -0.2036634624
  ],
  "4,1,3,1": [
    0.0,
    0.0,
    0.0
  ],
  "1,1,1,4": [
    -0.10994193742649332,
    -0.12208694456549375,
    -0.12385596723177061
  ],
  "0,4,1,5": [
    0.0,
    0.0,
    0.0
  ],
  "3,5,3,2": [
    0.0,
    0.0,
    0.0
  ],
  "0,5,0,4": [
    0.0,
    0.0,
    0.0
  ],
  "3,1,3,1": [
    0.0,
    0.0,
    0.0
  ],
  "1,1,1,3": [
    -0.0700105983650108,
    -0.05113777152,
    -0.056721408
  ],
  "2,1,2,2": [
    0.0,
    0.0,
    0.0
  ],
  "2,6,4,1": [
    0.0,
    0.0,
    0.0
  ],
  "1,1,2,1": [
    -0.11956297644378633,
    -0.1341920613000278,
    -0.14977011480274977
  ],